generasi,C_con,Gamma_con,Fitness_con,C_best,Gamma_best,Fitness_best
1,48.157264957264964,0.6552991452991453,0.24314195236128322,48.157264957264964,0.6552991452991453,0.24314195236128322
2,41.28888888888889,0.9015433455433456,0.2416659782459039,41.28888888888889,0.9015433455433456,0.2416659782459039
3,48.4923076923077,0.9191477411477412,0.2416632245628528,48.4923076923077,0.9191477411477412,0.2416632245628528
